kit_key,asset_role,prompt_text,negative_prompt,kid_ok,notes
wood-elf-grove,panel_tile,"Seamless tileable texture of ancient intertwined oak roots and soft emerald moss, forming a natural wooden surface. The central zone is gently smoothed and low-contrast to ensure text readability, featuring subtle dappled sunlight filtering through canopy leaves. Surrounding edges showcase intricate natural bark textures, glowing bioluminescent fungal blooms, and delicate curling fern fronds in deep forest greens and warm earthy browns.","people, faces, characters, silhouettes, logos, readable text, brand marks, watermarks, signatures, copyrighted references, sexualized forms, graphic gore, blood, violence, weapons, modern architecture, technology, sci-fi elements, vehicles, cities, distinct symbols, crests, flags, badges, UI elements, borders, borders in panel, text in image, humanoids, creatures, animals, monsters, artificial lighting, neon, urban, industrial, plastic, metal, machinery, concrete, modern clothing, armor, jewelry",YES,"This kit distinguishes itself through organic botanical textures and magical forest lighting, avoiding any artificial structures or dark themes to remain completely safe and visually distinct. ORIGINAL SynapticGM generator brief; review output for accidental text or brand-like marks before shipping."
wood-elf-grove,frame_ornament,"Elegant edge and corner frame ornament crafted from woven living branches, pale birch wood, and vibrant spring leaves. The borders are adorned with subtle blooming woodland flowers and trailing ivy vines. The quiet central opening is completely clear and unobtrusive, perfect for framing content. The design relies entirely on natural organic shapes and botanical elegance, with no symbols, crests, or artificial markings.","people, faces, characters, silhouettes, logos, readable text, brand marks, watermarks, signatures, copyrighted references, sexualized forms, graphic gore, blood, violence, weapons, modern architecture, technology, sci-fi elements, vehicles, cities, distinct symbols, crests, flags, badges, UI elements, borders, borders in panel, text in image, humanoids, creatures, animals, monsters, artificial lighting, neon, urban, industrial, plastic, metal, machinery, concrete, modern clothing, armor, jewelry",YES,"This kit distinguishes itself through organic botanical textures and magical forest lighting, avoiding any artificial structures or dark themes to remain completely safe and visually distinct. ORIGINAL SynapticGM generator brief; review output for accidental text or brand-like marks before shipping."
wood-elf-grove,atmosphere_bg,"Wide atmospheric background of a serene, ancient woodland grove at twilight, illuminated by floating ethereal fireflies and glowing mushrooms. The composition features towering ancient trees and misty forest depths on the periphery, framing a spacious, softly lit, text-safe focal zone in the center. The mood is tranquil, magical, and entirely devoid of any figures, characters, or distinct structures, emphasizing pure natural enchantment.","people, faces, characters, silhouettes, logos, readable text, brand marks, watermarks, signatures, copyrighted references, sexualized forms, graphic gore, blood, violence, weapons, modern architecture, technology, sci-fi elements, vehicles, cities, distinct symbols, crests, flags, badges, UI elements, borders, borders in panel, text in image, humanoids, creatures, animals, monsters, artificial lighting, neon, urban, industrial, plastic, metal, machinery, concrete, modern clothing, armor, jewelry",YES,"This kit distinguishes itself through organic botanical textures and magical forest lighting, avoiding any artificial structures or dark themes to remain completely safe and visually distinct. ORIGINAL SynapticGM generator brief; review output for accidental text or brand-like marks before shipping."
dark-elf-umbrance,panel_tile,"A seamless tileable background texture featuring polished dark obsidian stone interwoven with delicate dark silver filigree and faint, glowing violet bioluminescent fungal spores. The central zone is smooth, low-contrast, and text-safe, creating an elegant but shadowy surface. Subtle geometric web-like patterns in charcoal and deep amethyst tones blend into the edges. High quality, abstract material, continuous repeating pattern, atmospheric lighting, soft shadows, macro photography style.","people, faces, characters, silhouettes, logos, readable text, brand marks, copyrighted references, sexualized forms, graphic gore, blood, violence, watermarks, signatures, modern buildings, modern vehicles, modern clothing, bright cheerful colors, daylight, sunny skies, cute animals, cartoon styles, pop culture symbols, weapons",YES,"The kit uses obsidian, silver thorns, and glowing violet elements to create a moody subterranean atmosphere while avoiding all restricted or unsafe content. ORIGINAL SynapticGM generator brief; review output for accidental text or brand-like marks before shipping."
dark-elf-umbrance,frame_ornament,"An ornate edge and corner border frame made of sharp, angular basalt rock formations and dark metallic silver thorny vines. The central opening is entirely blank, quiet, and transparent for content placement. The corners feature elegant, abstract gothic arches draped in shimmering silver spider silk and faint purple mist. No real-world symbols, no text, no figures. High-resolution digital art, fantasy architecture, symmetrical edge design, deep shadow contrasts.","people, faces, characters, silhouettes, logos, readable text, brand marks, copyrighted references, sexualized forms, graphic gore, blood, violence, watermarks, signatures, modern buildings, modern vehicles, modern clothing, bright cheerful colors, daylight, sunny skies, cute animals, cartoon styles, pop culture symbols, weapons",YES,"The kit uses obsidian, silver thorns, and glowing violet elements to create a moody subterranean atmosphere while avoiding all restricted or unsafe content. ORIGINAL SynapticGM generator brief; review output for accidental text or brand-like marks before shipping."
dark-elf-umbrance,atmosphere_bg,"A wide atmospheric background landscape showing a massive underground cavern filled with towering jagged obsidian stalagmites and glowing purple crystal clusters. A thick layer of swirling charcoal-grey mist blankets the floor, leaving a large, soft, text-safe focal area in the center. The scene is illuminated by ethereal, diffused violet light reflecting off the smooth dark stone surfaces. No figures, no characters, pure environmental mood, cinematic lighting, ultra-detailed.","people, faces, characters, silhouettes, logos, readable text, brand marks, copyrighted references, sexualized forms, graphic gore, blood, violence, watermarks, signatures, modern buildings, modern vehicles, modern clothing, bright cheerful colors, daylight, sunny skies, cute animals, cartoon styles, pop culture symbols, weapons",YES,"The kit uses obsidian, silver thorns, and glowing violet elements to create a moody subterranean atmosphere while avoiding all restricted or unsafe content. ORIGINAL SynapticGM generator brief; review output for accidental text or brand-like marks before shipping."
high-elf-spire,panel_tile,"Seamless tileable texture of polished alabaster marble intertwined with delicate gold filigree vines and mother-of-pearl inlays. The design features sweeping, elegant elven architectural curves and subtle crystalline geometric patterns. The central zone remains a low-contrast, smooth, and text-safe area with soft, diffused opalescent lighting, ensuring perfect readability for overlaid text. The outer edges gently fade into more intricate golden floral motifs, creating a luxurious and ethereal fantasy material perfect for a user interface background panel.","people, faces, characters, silhouettes, figures, logos, readable text, brand marks, copyrighted-world references, sexualized forms, graphic gore, blood, violence, undead, infernal imagery, dark magic, skulls, modern architecture, technology, sci-fi elements, watermarks, signatures, ugly, distorted, messy, chaotic, noisy, high-contrast center, symbols, icons",YES,"This kit achieves distinctness through its heavy emphasis on polished alabaster, sweeping organic curves, and glowing crystalline elements, entirely avoiding dark, rustic, or infernal tropes. ORIGINAL SynapticGM generator brief; review output for accidental text or brand-like marks before shipping."
high-elf-spire,frame_ornament,"Elegant edge and corner frame ornament crafted from gleaming white marble, pale gold metalwork, and glowing sapphire crystals. The borders are decorated with sweeping, organic architectural flourishes and abstract celestial motifs, forming a luxurious border. The central opening is entirely quiet, transparent, and empty, creating a perfect text-safe viewing area. The design relies purely on abstract, ethereal fantasy aesthetics with no real-world symbols, logos, or brand marks, glowing softly with an enchanting, serene, and magical light.","people, faces, characters, silhouettes, figures, logos, readable text, brand marks, copyrighted-world references, sexualized forms, graphic gore, blood, violence, undead, infernal imagery, dark magic, skulls, modern architecture, technology, sci-fi elements, watermarks, signatures, ugly, distorted, messy, chaotic, noisy, high-contrast center, symbols, icons",YES,"This kit achieves distinctness through its heavy emphasis on polished alabaster, sweeping organic curves, and glowing crystalline elements, entirely avoiding dark, rustic, or infernal tropes. ORIGINAL SynapticGM generator brief; review output for accidental text or brand-like marks before shipping."
high-elf-spire,atmosphere_bg,"A wide, breathtaking atmospheric background showing the interior of a towering, ethereal magical spire. Sunbeams filter through towering crystalline glass windows, illuminating pristine white stone pillars and delicate golden arches. The composition is entirely devoid of any figures, characters, or living creatures, focusing purely on the majestic architecture. The central focal zone is rendered with soft, low-contrast lighting and gentle gradients to ensure it remains completely text-safe, surrounded by a serene, floating, and luminous magical environment.","people, faces, characters, silhouettes, figures, logos, readable text, brand marks, copyrighted-world references, sexualized forms, graphic gore, blood, violence, undead, infernal imagery, dark magic, skulls, modern architecture, technology, sci-fi elements, watermarks, signatures, ugly, distorted, messy, chaotic, noisy, high-contrast center, symbols, icons",YES,"This kit achieves distinctness through its heavy emphasis on polished alabaster, sweeping organic curves, and glowing crystalline elements, entirely avoiding dark, rustic, or infernal tropes. ORIGINAL SynapticGM generator brief; review output for accidental text or brand-like marks before shipping."
dwarf-forgehall,panel_tile,"A seamless tileable background texture featuring hammered bronze and dark basalt stone. The outer edges showcase intricate, angular geometric interlocking patterns and heavy compact geometric forge-hall rivets. The central zone is a smooth, low-contrast polished granite surface, perfectly text-safe and devoid of high-frequency details. Warm, glowing embers subtly reflect off the metallic accents, creating a rich, industrial, and ancient architectural material aesthetic without any characters or symbols.","people, faces, characters, silhouettes, logos, text, words, letters, brand marks, watermarks, copyrighted characters, sexualized forms, gore, blood, violence, modern architecture, sci-fi elements, elves, nature, trees, sky, clouds, sunlight, modern technology, cars, weapons, armor, shields, clothing, animals, creatures, monsters, demons, undead, zombies, UI elements, icons, symbols, runes, signatures, borders in center, noisy center",YES,"This kit maintains a distinct identity through heavy geometric masonry and molten metal textures, ensuring a completely safe, subterranean industrial aesthetic without relying on characters. ORIGINAL SynapticGM generator brief; review output for accidental text or brand-like marks before shipping."
dwarf-forgehall,frame_ornament,"An ornate edge and corner frame border made of glowing molten iron and carved obsidian blockwork. The corners feature heavy, industrial gear-like motifs and thick metal brackets. The central opening is entirely empty and quiet, forming a perfectly transparent or neutral text-safe space. The design uses angular, geometric masonry and thick metallic bands with a warm, subterranean forge aesthetic. No text, logos, or brand symbols are present anywhere.","people, faces, characters, silhouettes, logos, text, words, letters, brand marks, watermarks, copyrighted characters, sexualized forms, gore, blood, violence, modern architecture, sci-fi elements, elves, nature, trees, sky, clouds, sunlight, modern technology, cars, weapons, armor, shields, clothing, animals, creatures, monsters, demons, undead, zombies, UI elements, icons, symbols, runes, signatures, borders in center, noisy center",YES,"This kit maintains a distinct identity through heavy geometric masonry and molten metal textures, ensuring a completely safe, subterranean industrial aesthetic without relying on characters. ORIGINAL SynapticGM generator brief; review output for accidental text or brand-like marks before shipping."
dwarf-forgehall,atmosphere_bg,"A wide, atmospheric subterranean environment showcasing a massive underground forge hall. Giant pillars of carved stone and rivers of glowing orange lava fade into a hazy, smoke-filled background. The central focal zone is heavily obscured by thick, warm steam and dark shadows, providing a perfectly text-safe, low-contrast area. Sparks drift lazily through the air, illuminating heavy industrial chains and massive anvils in the distant periphery. Absolutely no figures or silhouettes.","people, faces, characters, silhouettes, logos, text, words, letters, brand marks, watermarks, copyrighted characters, sexualized forms, gore, blood, violence, modern architecture, sci-fi elements, elves, nature, trees, sky, clouds, sunlight, modern technology, cars, weapons, armor, shields, clothing, animals, creatures, monsters, demons, undead, zombies, UI elements, icons, symbols, runes, signatures, borders in center, noisy center",YES,"This kit maintains a distinct identity through heavy geometric masonry and molten metal textures, ensuring a completely safe, subterranean industrial aesthetic without relying on characters. ORIGINAL SynapticGM generator brief; review output for accidental text or brand-like marks before shipping."
orc-warcamp,panel_tile,"A seamless tileable texture of rough, weathered dark iron plates bolted together with heavy crude rivets over thick, cracked leather and splintered wood. The material feels rugged, brutal, and primitive, featuring deep earthy tones of rust, mud brown, and tarnished steel. The central zone is kept deliberately low-contrast, smooth, and text-safe, devoid of complex details, allowing for easy reading of overlaid information while the outer edges show more intense texture and rugged wear.","people, faces, characters, silhouettes, logos, readable text, brand marks, copyrighted references, sexualized forms, graphic gore, modern architecture, clean surfaces, bright colors, cute elements, futuristic technology, sci-fi, vehicles, delicate patterns, fine jewelry, magic runes, symbols, recognizable insignias, animals, monsters, undead, infernal imagery, snuff imagery, weapons, blood, modern clothing, realistic portraits",YES,"This kit distinguishes itself through the heavy use of rough iron, splintered timber, and thick leather materials, avoiding graphic gore while maintaining a rugged aesthetic. ORIGINAL SynapticGM generator brief; review output for accidental text or brand-like marks before shipping."
orc-warcamp,frame_ornament,"A rugged edge and corner border ornament crafted from jagged, darkened steel spikes, coarse ropes, and thick thick weathered leather bindings. The frame features a brutalist, primitive architectural style with heavy iron studs and rough-hewn timber elements framing the edges. The central opening is entirely empty, quiet, and clear for content. There are no symbols resembling real brands, no text, and no complex patterns, just a stark, intimidating tribal aesthetic focused purely on raw materials.","people, faces, characters, silhouettes, logos, readable text, brand marks, copyrighted references, sexualized forms, graphic gore, modern architecture, clean surfaces, bright colors, cute elements, futuristic technology, sci-fi, vehicles, delicate patterns, fine jewelry, magic runes, symbols, recognizable insignias, animals, monsters, undead, infernal imagery, snuff imagery, weapons, blood, modern clothing, realistic portraits",YES,"This kit distinguishes itself through the heavy use of rough iron, splintered timber, and thick leather materials, avoiding graphic gore while maintaining a rugged aesthetic. ORIGINAL SynapticGM generator brief; review output for accidental text or brand-like marks before shipping."
orc-warcamp,atmosphere_bg,"A wide, desolate landscape featuring a massive, primitive encampment made of colossal wooden palisades, spiked barricades, and smoldering fire pits under a heavy, ash-filled sky. The ground is rugged dirt and jagged rock, bathed in the warm, harsh glow of distant embers and torches. The central focal zone is wide open, heavily blurred, and low-contrast, creating a perfectly text-safe area. The scene is purely atmospheric and environmental, with absolutely no figures, characters, or silhouettes.","people, faces, characters, silhouettes, logos, readable text, brand marks, copyrighted references, sexualized forms, graphic gore, modern architecture, clean surfaces, bright colors, cute elements, futuristic technology, sci-fi, vehicles, delicate patterns, fine jewelry, magic runes, symbols, recognizable insignias, animals, monsters, undead, infernal imagery, snuff imagery, weapons, blood, modern clothing, realistic portraits",YES,"This kit distinguishes itself through the heavy use of rough iron, splintered timber, and thick leather materials, avoiding graphic gore while maintaining a rugged aesthetic. ORIGINAL SynapticGM generator brief; review output for accidental text or brand-like marks before shipping."
dragon-hoard,panel_tile,"Seamless tileable texture of ancient smelted gold coins and scattered faceted rubies resting on charred obsidian rock. The composition features a low-contrast, text-safe central zone with softly glowing embers beneath metallic scales. Rich warm lighting highlights the metallic sheen and gemstone facets without creating distracting focal points. Abstract fantasy material design, highly detailed, perfect for hosted text-adventure interface backgrounds.","people, faces, characters, silhouettes, logos, readable text, brand marks, copyright references, sexualized forms, graphic gore, modern architecture, sci-fi elements, spaceships, cars, vehicles, contemporary clothing, weapons, recognizable symbols, watermarks, signatures, neon colors, daylight, sunny sky, modern technology, cellphones, real-world maps, real-world flags, human anatomy, animals, insects",YES,"The kit utilizes rich metallic textures and cavernous geology to evoke a mythical treasury while strictly avoiding recognizable symbols, characters, or real-world branding elements. ORIGINAL SynapticGM generator brief; review output for accidental text or brand-like marks before shipping."
dragon-hoard,frame_ornament,"Intricate edge and corner border ornamentation crafted from dark scorched iron and interwoven with glittering golden veins. The frame edges feature abstract reptilian scales and jagged crystalline formations, leaving a quiet, empty, and muted central opening for content. Elegant fantasy filigree, metallic highlights, deep shadow contrasts, devoid of any real-world brand symbols or recognizable insignias, high resolution.","people, faces, characters, silhouettes, logos, readable text, brand marks, copyright references, sexualized forms, graphic gore, modern architecture, sci-fi elements, spaceships, cars, vehicles, contemporary clothing, weapons, recognizable symbols, watermarks, signatures, neon colors, daylight, sunny sky, modern technology, cellphones, real-world maps, real-world flags, human anatomy, animals, insects",YES,"The kit utilizes rich metallic textures and cavernous geology to evoke a mythical treasury while strictly avoiding recognizable symbols, characters, or real-world branding elements. ORIGINAL SynapticGM generator brief; review output for accidental text or brand-like marks before shipping."
dragon-hoard,atmosphere_bg,"Wide atmospheric background depicting a vast, echoing subterranean cavern illuminated by pools of molten gold and distant geothermal vents. The composition includes a smooth, text-safe focal zone in the center surrounded by out-of-focus towering stalagmites and glittering mineral deposits. Warm ambient lighting casts dramatic shadows across rocky textures, creating a rich, immersive environment completely devoid of any figures or silhouettes.","people, faces, characters, silhouettes, logos, readable text, brand marks, copyright references, sexualized forms, graphic gore, modern architecture, sci-fi elements, spaceships, cars, vehicles, contemporary clothing, weapons, recognizable symbols, watermarks, signatures, neon colors, daylight, sunny sky, modern technology, cellphones, real-world maps, real-world flags, human anatomy, animals, insects",YES,"The kit utilizes rich metallic textures and cavernous geology to evoke a mythical treasury while strictly avoiding recognizable symbols, characters, or real-world branding elements. ORIGINAL SynapticGM generator brief; review output for accidental text or brand-like marks before shipping."
phoenix-ashrise,panel_tile,"Seamless tileable texture of smoldering volcanic ash and glowing ember trails. A low-contrast, text-safe central zone features a smooth expanse of dark charcoal stone, gently illuminated by soft, warm ambient light. The edges subtly transition into scattered, stylized fiery feathers and cracked basalt, radiating a muted orange glow. High quality, abstract material design, perfect for a clean and unobtrusive user interface background.","people, faces, characters, silhouettes, logos, readable text, brand marks, copyrighted references, sexualized forms, graphic gore, blood, violence, modern architecture, sci-fi elements, technology, weapons, words, letters, signatures, watermarks, humans, animals, creatures, monsters, demons, skulls, bones, real world brands, UI elements, buttons, icons, noise, blur",YES,"This kit achieves distinctness through its unique combination of glowing embers and obsidian ash textures, avoiding typical generic fire by focusing on the material contrast. ORIGINAL SynapticGM generator brief; review output for accidental text or brand-like marks before shipping."
phoenix-ashrise,frame_ornament,"Intricate edge and corner frame ornament inspired by mythical rebirth, featuring sculpted obsidian ash and glowing crystalline fire motifs. The borders display interwoven, stylized metallic feathers and floating ember sparks that frame a quiet, completely empty central opening for content. Soft, warm ambient lighting highlights the metallic and stone textures. No text, no symbols resembling real brands, just abstract architectural and natural fantasy elements.","people, faces, characters, silhouettes, logos, readable text, brand marks, copyrighted references, sexualized forms, graphic gore, blood, violence, modern architecture, sci-fi elements, technology, weapons, words, letters, signatures, watermarks, humans, animals, creatures, monsters, demons, skulls, bones, real world brands, UI elements, buttons, icons, noise, blur",YES,"This kit achieves distinctness through its unique combination of glowing embers and obsidian ash textures, avoiding typical generic fire by focusing on the material contrast. ORIGINAL SynapticGM generator brief; review output for accidental text or brand-like marks before shipping."
phoenix-ashrise,atmosphere_bg,"A wide, majestic atmospheric background showing a cavernous volcanic caldera filled with swirling, glowing ash and drifting embers. The composition features a clear, text-safe focal zone in the center, bathed in a soft, warm, golden-orange light against dark obsidian rock formations. Abstract, majestic celestial rays pierce through the hazy, smoke-filled air above. No figures, no characters, just a breathtaking, immersive fantasy environment of fire and rebirth.","people, faces, characters, silhouettes, logos, readable text, brand marks, copyrighted references, sexualized forms, graphic gore, blood, violence, modern architecture, sci-fi elements, technology, weapons, words, letters, signatures, watermarks, humans, animals, creatures, monsters, demons, skulls, bones, real world brands, UI elements, buttons, icons, noise, blur",YES,"This kit achieves distinctness through its unique combination of glowing embers and obsidian ash textures, avoiding typical generic fire by focusing on the material contrast. ORIGINAL SynapticGM generator brief; review output for accidental text or brand-like marks before shipping."
cyborg-chassis,panel_tile,"A seamless tileable texture of advanced futuristic metallic plating and synthetic carbon-fiber mesh. The design features a low-contrast, text-safe central zone with subtle, matte silver and gunmetal grey panels. Faint, glowing cyan circuitry lines run beneath frosted synthetic glass layers, creating depth without visual clutter. The surface is pristine and industrial, resembling the inner workings of a highly advanced robotic chassis, free of any text, logos, or symbols. The overall lighting is soft and diffused, perfect for overlaying readable information.","people, faces, characters, silhouettes, logos, readable text, brand marks, copyrighted references, sexualized forms, graphic gore, blood, violence, symbols, real world brands, animals, organic creatures, nature, foliage, trees, wood, stone, magic, fantasy, medieval, rust, decay, dirt, grunge, steampunk, brass, copper, gears, water, oceans, clouds, skies, space, stars, planets, aliens",YES,"This kit distinguishes itself through sleek, pristine metallic plating and cyan circuitry, ensuring a purely synthetic industrial aesthetic without relying on rust or organic elements. ORIGINAL SynapticGM generator brief; review output for accidental text or brand-like marks before shipping."
cyborg-chassis,frame_ornament,"An intricate edge and corner border ornament composed of sleek, futuristic metallic components, synthetic muscle fibers, and glowing cyan cooling tubes. The center features a quiet, empty, and text-safe opening in deep matte charcoal. The outer edges are reinforced with interlocking titanium-colored armor plates, brushed steel joints, and subtle industrial vents. The design relies entirely on abstract mechanical engineering motifs and generic sci-fi industrial textures, completely devoid of any brand symbols, logos, readable text, or character elements.","people, faces, characters, silhouettes, logos, readable text, brand marks, copyrighted references, sexualized forms, graphic gore, blood, violence, symbols, real world brands, animals, organic creatures, nature, foliage, trees, wood, stone, magic, fantasy, medieval, rust, decay, dirt, grunge, steampunk, brass, copper, gears, water, oceans, clouds, skies, space, stars, planets, aliens",YES,"This kit distinguishes itself through sleek, pristine metallic plating and cyan circuitry, ensuring a purely synthetic industrial aesthetic without relying on rust or organic elements. ORIGINAL SynapticGM generator brief; review output for accidental text or brand-like marks before shipping."
cyborg-chassis,atmosphere_bg,"A wide atmospheric background depicting the cavernous, softly lit interior of an automated, futuristic manufacturing facility or robotic chassis assembly line. The composition features a clear, text-safe focal zone in the center, surrounded by distant, out-of-focus metallic scaffolding, glowing cyan energy conduits, and hanging robotic armatures. The environment is vast, pristine, and industrial, illuminated by cool blue and bright white LED lighting. The scene is completely devoid of any figures, silhouettes, faces, logos, or readable text.","people, faces, characters, silhouettes, logos, readable text, brand marks, copyrighted references, sexualized forms, graphic gore, blood, violence, symbols, real world brands, animals, organic creatures, nature, foliage, trees, wood, stone, magic, fantasy, medieval, rust, decay, dirt, grunge, steampunk, brass, copper, gears, water, oceans, clouds, skies, space, stars, planets, aliens",YES,"This kit distinguishes itself through sleek, pristine metallic plating and cyan circuitry, ensuring a purely synthetic industrial aesthetic without relying on rust or organic elements. ORIGINAL SynapticGM generator brief; review output for accidental text or brand-like marks before shipping."
angelic-radiance,panel_tile,"A seamless tileable texture of ethereal glowing marble interlaced with fine gold filigree, designed as a UI panel background. The central zone features a smooth, low-contrast, pale alabaster surface perfect for overlaying readable text, while the outer edges are adorned with subtle, soft-focus feathered motifs and radiant crystalline veins catching heavenly light. Clean architectural lines merge with organic celestial elegance, completely devoid of figures, symbols, or recognizable real-world icons, bathed in warm, divine luminescence.","people, faces, characters, silhouettes, logos, readable text, brand marks, copyrighted references, sexualized forms, graphic gore, blood, skulls, demons, modern buildings, vehicles, weapons, armor, sci-fi elements, cyberpunk, steampunk, watermarks, signatures, ugly, distorted, low resolution, bad anatomy, real-world symbols, pop culture, cartoons, anime, photography, photorealistic humans, animals, insects",YES,"This kit emphasizes glowing alabaster, golden filigree, and feathered motifs to create a distinctly celestial aesthetic without relying on literal angels or religious iconography. ORIGINAL SynapticGM generator brief; review output for accidental text or brand-like marks before shipping."
angelic-radiance,frame_ornament,"An ornate edge and corner frame ornament inspired by celestial architecture and angelic grace, featuring sculpted ivory feathers, glowing golden rings of diffused light, and radiant sunbursts framing a quiet, empty central opening. The design uses elegant, sweeping arcs and polished brass accents to create a heavenly border, leaving the middle entirely blank and soft for content. It avoids any real-world brand symbols, focusing solely on abstract divine motifs, floating light motes, and pristine pearlescent materials.","people, faces, characters, silhouettes, logos, readable text, brand marks, copyrighted references, sexualized forms, graphic gore, blood, skulls, demons, modern buildings, vehicles, weapons, armor, sci-fi elements, cyberpunk, steampunk, watermarks, signatures, ugly, distorted, low resolution, bad anatomy, real-world symbols, pop culture, cartoons, anime, photography, photorealistic humans, animals, insects",YES,"This kit emphasizes glowing alabaster, golden filigree, and feathered motifs to create a distinctly celestial aesthetic without relying on literal angels or religious iconography. ORIGINAL SynapticGM generator brief; review output for accidental text or brand-like marks before shipping."
angelic-radiance,atmosphere_bg,"A wide, breathtaking atmospheric background of a heavenly domain, featuring towering crystalline spires, floating alabaster archways, and rolling seas of golden clouds bathed in a warm, radiant sunrise. The composition is carefully balanced to leave a vast, text-safe focal zone in the center, softly illuminated by divine rays of light breaking through the mist. The environment is entirely devoid of figures, characters, or text, focusing purely on majestic celestial architecture and ethereal natural beauty.","people, faces, characters, silhouettes, logos, readable text, brand marks, copyrighted references, sexualized forms, graphic gore, blood, skulls, demons, modern buildings, vehicles, weapons, armor, sci-fi elements, cyberpunk, steampunk, watermarks, signatures, ugly, distorted, low resolution, bad anatomy, real-world symbols, pop culture, cartoons, anime, photography, photorealistic humans, animals, insects",YES,"This kit emphasizes glowing alabaster, golden filigree, and feathered motifs to create a distinctly celestial aesthetic without relying on literal angels or religious iconography. ORIGINAL SynapticGM generator brief; review output for accidental text or brand-like marks before shipping."
infernal-pact,panel_tile,"Seamless tileable texture of cracked obsidian stone interwoven with glowing ember-like veins and cooled basalt ridges. The central zone is a flat, low-contrast matte charcoal ash surface, perfectly safe and legible for overlaying text. The outer edges feature subtle textures of scorched earth, jagged volcanic glass, and faint wisps of dark smoke. The material feels hot and ancient, blending dark igneous rock with a faint, smoldering inner light.","people, faces, characters, silhouettes, logos, readable text, brand marks, copyrighted references, sexualized forms, graphic gore, snuff imagery, symbols, runes, words, watermarks, signatures, borders, frames in atmosphere, animals, creatures, monsters, weapons, armor, UI elements, modern architecture, sci-fi elements, vehicles",YES,"The kit uses obsidian, iron, and volcanic elements to create a distinct, infernal atmosphere without relying on explicit gore, figures, or real-world symbols. ORIGINAL SynapticGM generator brief; review output for accidental text or brand-like marks before shipping."
infernal-pact,frame_ornament,"Edge and corner ornament design featuring twisted wrought-iron spikes, blackened chains, and sharp metallic thorns framing the border. The central opening is entirely blank, quiet, and empty, forming a vast negative space for content. The metallic elements at the edges are slightly rusted and singed by heat, decorated with generic geometric gothic arches and abstract jagged spikes. No symbols, runes, or brand marks are present, just raw, dark, industrial fantasy metalwork framing the perimeter.","people, faces, characters, silhouettes, logos, readable text, brand marks, copyrighted references, sexualized forms, graphic gore, snuff imagery, symbols, runes, words, watermarks, signatures, borders, frames in atmosphere, animals, creatures, monsters, weapons, armor, UI elements, modern architecture, sci-fi elements, vehicles",YES,"The kit uses obsidian, iron, and volcanic elements to create a distinct, infernal atmosphere without relying on explicit gore, figures, or real-world symbols. ORIGINAL SynapticGM generator brief; review output for accidental text or brand-like marks before shipping."
infernal-pact,atmosphere_bg,"Wide atmospheric background of a vast, subterranean volcanic cavern filled with drifting ash and glowing sulfurous mist. The foreground and edges show massive, jagged stalagmites of dark stone and pools of molten lava casting a fiery orange glow. The large central focal zone is obscured by thick, soft, low-contrast smoke and shadows, providing a perfectly safe area for text. The environment is entirely empty, devoid of any figures, creatures, or structures, conveying an ancient, desolate heat.","people, faces, characters, silhouettes, logos, readable text, brand marks, copyrighted references, sexualized forms, graphic gore, snuff imagery, symbols, runes, words, watermarks, signatures, borders, frames in atmosphere, animals, creatures, monsters, weapons, armor, UI elements, modern architecture, sci-fi elements, vehicles",YES,"The kit uses obsidian, iron, and volcanic elements to create a distinct, infernal atmosphere without relying on explicit gore, figures, or real-world symbols. ORIGINAL SynapticGM generator brief; review output for accidental text or brand-like marks before shipping."
undead-ossuary,panel_tile,"Seamless tileable texture of an ancient ossuary wall, arranged from abstract weathered calcified fragments, rounded calcified medallions, and pale calcified stone. The composition features a highly uniform, low-contrast, text-safe central zone devoid of harsh shadows or distracting details. Subtle textures of chalky mineral bloom and cracked ivory, and ancient limestone dust create a grim but quiet backdrop. Soft, diffuse, cool grey lighting illuminates the porous bone surfaces without creating high-contrast highlights, ensuring the material remains a perfect, unobtrusive, seamless tiling background for overlaid content.","people, faces, characters, silhouettes, figures, humans, animals, monsters, logos, readable text, words, letters, watermarks, signatures, brand marks, symbols, copyrighted references, sexualized forms, nudity, graphic gore, blood, fresh meat, extreme violence, snuff imagery, bright colors, neon lights, modern architecture, sci-fi elements, vehicles, weapons, pop culture references, cartoon styles, anime, comic book styles, photography, depth of field blur, distracting high contrast, sharp shadows, chaotic central details",YES,"This kit achieves distinctness through its focus on pale, calcified bone textures and gothic stonework, ensuring an eerie atmosphere while remaining entirely free of graphic gore. ORIGINAL SynapticGM generator brief; review output for accidental text or brand-like marks before shipping."
undead-ossuary,frame_ornament,"Elaborate edge and corner frame ornament crafted from fused skeletal remains, gothic arches, and pale bone splinters, surrounding a completely blank, quiet central opening. The intricate border features abstract ribcage motifs, dusty vertebrae, and gothic stonework blending into calcified ivory structures. The design is strictly architectural and ornamental, completely free of modern symbols, logos, or brand-like shapes. The central void is expansive, perfectly smooth, and text-safe, while the outer edges display detailed, grim ossuary aesthetics illuminated by soft, eerie, pale moonlight.","people, faces, characters, silhouettes, figures, humans, animals, monsters, logos, readable text, words, letters, watermarks, signatures, brand marks, symbols, copyrighted references, sexualized forms, nudity, graphic gore, blood, fresh meat, extreme violence, snuff imagery, bright colors, neon lights, modern architecture, sci-fi elements, vehicles, weapons, pop culture references, cartoon styles, anime, comic book styles, photography, depth of field blur, distracting high contrast, sharp shadows, chaotic central details",YES,"This kit achieves distinctness through its focus on pale, calcified bone textures and gothic stonework, ensuring an eerie atmosphere while remaining entirely free of graphic gore. ORIGINAL SynapticGM generator brief; review output for accidental text or brand-like marks before shipping."
undead-ossuary,atmosphere_bg,"Wide atmospheric background of a vast, forgotten underground ossuary, filled with towering pillars of stacked pale ossuary masonry, dusty stone crypts, and ancient calcified masonry. The scene features a broad, text-safe focal zone in the center, shrouded in thick, creeping fog and soft, diffuse, pale blue ambient light. There are absolutely no figures, characters, or living beings present. The environment emphasizes the cold, silent mood of a subterranean tomb, with subtle cobwebs and dust motes drifting through the damp, quiet, shadow-draped catacombs.","people, faces, characters, silhouettes, figures, humans, animals, monsters, logos, readable text, words, letters, watermarks, signatures, brand marks, symbols, copyrighted references, sexualized forms, nudity, graphic gore, blood, fresh meat, extreme violence, snuff imagery, bright colors, neon lights, modern architecture, sci-fi elements, vehicles, weapons, pop culture references, cartoon styles, anime, comic book styles, photography, depth of field blur, distracting high contrast, sharp shadows, chaotic central details",YES,"This kit achieves distinctness through its focus on pale, calcified bone textures and gothic stonework, ensuring an eerie atmosphere while remaining entirely free of graphic gore. ORIGINAL SynapticGM generator brief; review output for accidental text or brand-like marks before shipping."
fae-glamour,panel_tile,"A seamless tileable texture of ethereal iridescent gossamer woven with luminescent twilight petals and subtle dew drops. The design features a smooth, low-contrast, text-safe central zone surrounded by faint, shimmering magical dust and delicate spiraling vine motifs in pale lavender, soft teal, and pearlescent white. Perfect for a magical interface background, maintaining an elegant, abstract, and dreamy aesthetic without any distracting high-contrast elements or recognizable objects.","people, faces, characters, silhouettes, logos, text, brand marks, copyrighted references, sexualized forms, gore, violence, blood, weapons, modern technology, urban structures, sci-fi elements, cyberpunk, steampunk, horror, infernal, undead, skulls, bones, real world symbols, typography, watermarks, signatures, geometric logos, sharp jagged edges, high contrast center, noisy background, cluttered focal point, recognizable figures, distinct animals",YES,"This kit achieves distinctness through its focus on bioluminescent flora and iridescent gossamer textures, completely avoiding common fantasy tropes like castles or characters while remaining perfectly safe. ORIGINAL SynapticGM generator brief; review output for accidental text or brand-like marks before shipping."
fae-glamour,frame_ornament,"An elegant edge and corner ornamental frame crafted from intertwining bioluminescent silver branches and glowing ethereal leaves. The intricate border frames a quiet, empty central opening perfectly suited for text. Delicate floating light motes and soft magical wisps decorate the corners in a shimmering twilight palette. The design relies entirely on abstract natural folklore motifs and smooth curves, completely avoiding any modern symbols, geometric brand marks, or structural architecture.","people, faces, characters, silhouettes, logos, text, brand marks, copyrighted references, sexualized forms, gore, violence, blood, weapons, modern technology, urban structures, sci-fi elements, cyberpunk, steampunk, horror, infernal, undead, skulls, bones, real world symbols, typography, watermarks, signatures, geometric logos, sharp jagged edges, high contrast center, noisy background, cluttered focal point, recognizable figures, distinct animals",YES,"This kit achieves distinctness through its focus on bioluminescent flora and iridescent gossamer textures, completely avoiding common fantasy tropes like castles or characters while remaining perfectly safe. ORIGINAL SynapticGM generator brief; review output for accidental text or brand-like marks before shipping."
fae-glamour,atmosphere_bg,"A wide atmospheric background depicting a mystical, enchanted twilight glade filled with soft glowing mist and shimmering ethereal light. The composition is carefully arranged to provide a wide, low-contrast, text-safe focal zone in the center, bordered by blurred, out-of-focus giant glowing flora and hanging luminescent moss at the distant edges. A serene, magical environment bathed in pearlescent hues, entirely devoid of any figures, characters, or distinct silhouettes.","people, faces, characters, silhouettes, logos, text, brand marks, copyrighted references, sexualized forms, gore, violence, blood, weapons, modern technology, urban structures, sci-fi elements, cyberpunk, steampunk, horror, infernal, undead, skulls, bones, real world symbols, typography, watermarks, signatures, geometric logos, sharp jagged edges, high contrast center, noisy background, cluttered focal point, recognizable figures, distinct animals",YES,"This kit achieves distinctness through its focus on bioluminescent flora and iridescent gossamer textures, completely avoiding common fantasy tropes like castles or characters while remaining perfectly safe. ORIGINAL SynapticGM generator brief; review output for accidental text or brand-like marks before shipping."
goblin-scrapheap,panel_tile,"A seamless, tileable texture of rusted scrap metal, haphazardly welded together with copper wire and crude iron rivets. The material features an irregular patchwork of corroded bronze, dented steel plates, and oily stains. The central zone remains flat, low-contrast, and text-safe, utilizing faded, oxidized iron tones without any deep shadows or distracting bright highlights. The overall aesthetic is chaotic yet structurally flat, emphasizing raw industrial scavenging.","people, faces, characters, silhouettes, logos, readable text, brand marks, copyrighted-world references, sexualized forms, graphic gore, clean metal, pristine surfaces, modern technology, symmetry, living creatures, monsters, goblins, animals, words, letters, signatures, watermarks, blood, violence, real world brands, recognizable symbols, modern architecture, bright neon, clean sci-fi, organic flesh, humans",YES,"This kit distinguishes itself through a chaotic, rusted industrial aesthetic using scavenged metal and gears, while strictly avoiding any depiction of actual creatures or unsafe elements. ORIGINAL SynapticGM generator brief; review output for accidental text or brand-like marks before shipping."
goblin-scrapheap,frame_ornament,"An edge-and-corner frame ornament composed of scavenged mechanical parts, bent pipes, and jagged iron gears framing a completely empty, quiet central opening. The borders are densely packed with rusty sprockets, frayed ropes, and crude, makeshift hinges arranged in an asymmetrical, chaotic pattern. The lighting is dim and grimy, casting soft shadows on the metallic scrap, ensuring no symbols, logos, or brand marks are present anywhere.","people, faces, characters, silhouettes, logos, readable text, brand marks, copyrighted-world references, sexualized forms, graphic gore, clean metal, pristine surfaces, modern technology, symmetry, living creatures, monsters, goblins, animals, words, letters, signatures, watermarks, blood, violence, real world brands, recognizable symbols, modern architecture, bright neon, clean sci-fi, organic flesh, humans",YES,"This kit distinguishes itself through a chaotic, rusted industrial aesthetic using scavenged metal and gears, while strictly avoiding any depiction of actual creatures or unsafe elements. ORIGINAL SynapticGM generator brief; review output for accidental text or brand-like marks before shipping."
goblin-scrapheap,atmosphere_bg,"A wide atmospheric background depicting a dimly lit, cavernous scrapyard filled with towering mounds of rusted machinery, broken cogs, and discarded metal plating. Plumes of faint, oily green smoke drift through the air, illuminated by flickering, distant forge fires. The central focal zone is heavily obscured by thick, uniform mist, providing a perfectly text-safe, low-contrast area. Completely devoid of any figures, characters, or living creatures.","people, faces, characters, silhouettes, logos, readable text, brand marks, copyrighted-world references, sexualized forms, graphic gore, clean metal, pristine surfaces, modern technology, symmetry, living creatures, monsters, goblins, animals, words, letters, signatures, watermarks, blood, violence, real world brands, recognizable symbols, modern architecture, bright neon, clean sci-fi, organic flesh, humans",YES,"This kit distinguishes itself through a chaotic, rusted industrial aesthetic using scavenged metal and gears, while strictly avoiding any depiction of actual creatures or unsafe elements. ORIGINAL SynapticGM generator brief; review output for accidental text or brand-like marks before shipping."
merfolk-abyss,panel_tile,"A seamless tileable texture of deep ocean bioluminescent scales and dark aqua coral reefs. The central zone is low-contrast and text-safe, featuring smooth, muted underwater stone. Surrounding edges showcase intricate abyssal flora, glowing blue and purple anemones, and iridescent pearl clusters embedded in ancient, weathered marine rock. The design is abstract, focusing entirely on natural underwater materials and lighting without any figures, creating a cohesive, immersive marine aesthetic suitable for a repeating panel background.","people, faces, characters, silhouettes, figures, creatures, animals, fish, logos, readable text, words, brand marks, copyrighted references, sexualized forms, graphic gore, blood, modern architecture, sci-fi elements, spaceships, cars, machinery, weapons, armor, symbols, flags, UI elements, watermarks, signatures, borders, frames, numbers, diagrams, sketches, cartoons, anime, comics, realistic humans, real world brands",YES,"The kit relies exclusively on bioluminescent coral, kelp, and deep ocean textures to remain materially distinct while strictly avoiding any creatures or recognizable symbols. ORIGINAL SynapticGM generator brief; review output for accidental text or brand-like marks before shipping."
merfolk-abyss,frame_ornament,"An edge and corner ornament design inspired by the deep sea abyss, featuring intertwined kelp, dark turquoise shells, and glowing bioluminescent tendrils framing the borders. The center is a quiet, empty opening perfect for text placement, with smooth gradients of deep oceanic blue. The decorative elements are entirely natural and abstract, avoiding any symbols resembling real brands or logos. Subtle textures of wet stone and iridescent mother-of-pearl highlight the corners, creating an elegant aquatic border.","people, faces, characters, silhouettes, figures, creatures, animals, fish, logos, readable text, words, brand marks, copyrighted references, sexualized forms, graphic gore, blood, modern architecture, sci-fi elements, spaceships, cars, machinery, weapons, armor, symbols, flags, UI elements, watermarks, signatures, borders, frames, numbers, diagrams, sketches, cartoons, anime, comics, realistic humans, real world brands",YES,"The kit relies exclusively on bioluminescent coral, kelp, and deep ocean textures to remain materially distinct while strictly avoiding any creatures or recognizable symbols. ORIGINAL SynapticGM generator brief; review output for accidental text or brand-like marks before shipping."
merfolk-abyss,atmosphere_bg,"A wide atmospheric background depicting a mysterious deep ocean trench, illuminated by scattered clusters of bioluminescent coral and glowing deep-sea vents. The center provides a wide, text-safe focal zone of smooth, dark blue oceanic water with gentle, diffuse lighting. The surrounding environment features towering abstract rock formations and swaying giant kelp silhouettes, creating a sense of immense underwater depth and tranquility. No figures or creatures are present, focusing purely on the ethereal aquatic environment.","people, faces, characters, silhouettes, figures, creatures, animals, fish, logos, readable text, words, brand marks, copyrighted references, sexualized forms, graphic gore, blood, modern architecture, sci-fi elements, spaceships, cars, machinery, weapons, armor, symbols, flags, UI elements, watermarks, signatures, borders, frames, numbers, diagrams, sketches, cartoons, anime, comics, realistic humans, real world brands",YES,"The kit relies exclusively on bioluminescent coral, kelp, and deep ocean textures to remain materially distinct while strictly avoiding any creatures or recognizable symbols. ORIGINAL SynapticGM generator brief; review output for accidental text or brand-like marks before shipping."
vampire-nocturne,panel_tile,"Seamless tileable background texture of elegant dark gothic velvet intertwined with tarnished silver filigree and deep crimson rose motifs. The material features a low-contrast, text-safe central zone ideal for reading text, bordered by subtle, shadow-draped damask patterns. The overall lighting is dim and romantic, emphasizing rich burgundy tones and cold metallic silver accents, completely abstract and free of characters or faces, perfect for a hosted text-adventure interface.","people, faces, characters, silhouettes, logos, readable text, brand marks, copyrighted references, sexualized forms, graphic gore, blood splatter, violence, modern elements, sci-fi, cyberpunk, bright sunlight, cheerful colors, neon, futuristic, cute, cartoon, anime, manga, comic, photography, watermark, signature, username, borders, margins, ui, icons, buttons, pop-art, real-world symbols, weapons, daylight, animals, monsters, typography",YES,"This kit emphasizes elegant gothic architecture and rich velvet textures in dark crimson and silver, ensuring distinct moodiness without relying on any graphic gore or unsafe imagery. ORIGINAL SynapticGM generator brief; review output for accidental text or brand-like marks before shipping."
vampire-nocturne,frame_ornament,"Ornate edge and corner frame border featuring intricate wrought-iron gothic tracery and stylized bat-wing motifs sculpted in dark obsidian. The design leaves a quiet, empty central opening for content. Corners are adorned with abstract crystalline garnet-red crystal cabochons set in cold silver. The frame is symmetrical, devoid of any real-world brand symbols, faces, or characters, emphasizing a nocturnal, aristocratic vampiric aesthetic with deep shadows and subtle crimson highlights.","people, faces, characters, silhouettes, logos, readable text, brand marks, copyrighted references, sexualized forms, graphic gore, blood splatter, violence, modern elements, sci-fi, cyberpunk, bright sunlight, cheerful colors, neon, futuristic, cute, cartoon, anime, manga, comic, photography, watermark, signature, username, borders, margins, ui, icons, buttons, pop-art, real-world symbols, weapons, daylight, animals, monsters, typography",YES,"This kit emphasizes elegant gothic architecture and rich velvet textures in dark crimson and silver, ensuring distinct moodiness without relying on any graphic gore or unsafe imagery. ORIGINAL SynapticGM generator brief; review output for accidental text or brand-like marks before shipping."
vampire-nocturne,atmosphere_bg,"Wide atmospheric background depicting a foggy, moonlit gothic courtyard at midnight, featuring towering silhouettes of abstract cathedral spires and wrought-iron gates in the distance. The scene is illuminated by pale moonlight and faint crimson lanterns, creating a moody, nocturnal environment. The composition includes a spacious, text-safe focal zone in the center, completely empty of any figures, characters, or text, focusing purely on the eerie, elegant architectural environment.","people, faces, characters, silhouettes, logos, readable text, brand marks, copyrighted references, sexualized forms, graphic gore, blood splatter, violence, modern elements, sci-fi, cyberpunk, bright sunlight, cheerful colors, neon, futuristic, cute, cartoon, anime, manga, comic, photography, watermark, signature, username, borders, margins, ui, icons, buttons, pop-art, real-world symbols, weapons, daylight, animals, monsters, typography",YES,"This kit emphasizes elegant gothic architecture and rich velvet textures in dark crimson and silver, ensuring distinct moodiness without relying on any graphic gore or unsafe imagery. ORIGINAL SynapticGM generator brief; review output for accidental text or brand-like marks before shipping."
neon-protocol,panel_tile,"Seamless tileable texture of glowing synthetic circuit traces and translucent carbon-fiber weave. Deep indigo and electric cyan data streams pulse through microscopic glass channels. The composition features a low-contrast, text-safe central zone of frosted polycarbonate to ensure high readability for overlays. Soft diffused volumetric lighting illuminates geometric microchip patterns, avoiding any sharp shadows. Perfect for a futuristic sci-fi interface background without relying on recognizable technology brands or characters.","people, faces, characters, silhouettes, logos, readable text, brand marks, copyrighted-world references, sexualized forms, graphic gore, blood, weapons, violence, zombies, demons, real world brands, corporate logos, watermarks, signatures, human anatomy, animals, creatures, monsters, vehicles, spaceships, mechs, robots, anime characters, comic characters, recognizable cities, real world architecture, flags, political symbols, religious symbols, gore, horror tropes, disturbing imagery",YES,"The neon-protocol kit distinguishes itself through vibrant synthetic materials and abstract data conduits while strictly avoiding all characters, branding, and real-world technological references. ORIGINAL SynapticGM generator brief; review output for accidental text or brand-like marks before shipping."
neon-protocol,frame_ornament,"Intricate edge and corner frame ornament constructed from glowing fiber-optic cables and sleek brushed gunmetal plating. Vivid magenta and cyan luminescent energy bands wrap around the structural border, creating a high-tech border design. The frame surrounds a quiet, empty central opening optimized for content display. The metallic details are purely abstract geometric shapes with no symbols resembling real brands, logos, or typography. Smooth synthetic textures and soft neon edge lighting complete the modern cybernetic aesthetic.","people, faces, characters, silhouettes, logos, readable text, brand marks, copyrighted-world references, sexualized forms, graphic gore, blood, weapons, violence, zombies, demons, real world brands, corporate logos, watermarks, signatures, human anatomy, animals, creatures, monsters, vehicles, spaceships, mechs, robots, anime characters, comic characters, recognizable cities, real world architecture, flags, political symbols, religious symbols, gore, horror tropes, disturbing imagery",YES,"The neon-protocol kit distinguishes itself through vibrant synthetic materials and abstract data conduits while strictly avoiding all characters, branding, and real-world technological references. ORIGINAL SynapticGM generator brief; review output for accidental text or brand-like marks before shipping."
neon-protocol,atmosphere_bg,"Wide atmospheric background depicting a massive underground server cavern illuminated by endless rows of glowing cyan and magenta cooling tubes. Dense artificial fog rolls across slick obsidian floor panels under a sprawling ceiling of glowing data conduits. The composition maintains a clean, text-safe focal zone in the center with smooth gradients and low detail. Completely devoid of human figures, silhouettes, or robotic characters, focusing entirely on the moody, vast industrial architecture and synthetic neon lighting.","people, faces, characters, silhouettes, logos, readable text, brand marks, copyrighted-world references, sexualized forms, graphic gore, blood, weapons, violence, zombies, demons, real world brands, corporate logos, watermarks, signatures, human anatomy, animals, creatures, monsters, vehicles, spaceships, mechs, robots, anime characters, comic characters, recognizable cities, real world architecture, flags, political symbols, religious symbols, gore, horror tropes, disturbing imagery",YES,"The neon-protocol kit distinguishes itself through vibrant synthetic materials and abstract data conduits while strictly avoiding all characters, branding, and real-world technological references. ORIGINAL SynapticGM generator brief; review output for accidental text or brand-like marks before shipping."
parchment-ledger,panel_tile,"Seamless tileable texture of aged parchment paper with subtle, faded sepia ledger lines and faint ink wash stains. The material features a low-contrast, text-safe central zone ideal for reading, surrounded by soft, warm cream and light tan gradients. Delicate vellum fibers and micro-creases add depth without distracting from the smooth, blank interior space. High-quality macro photography style, flat lighting, purely abstract material surface.","people, person, face, character, silhouette, figure, human, creature, animal, monster, readable text, letters, numbers, logo, brand mark, watermark, signature, copyright, trademark, modern architecture, technology, screens, neon, gore, blood, violence, sexualized forms, nudity, weapons, pop culture, specific game worlds, distinct studio styles, vibrant neon colors, heavy contrast center, sharp center focus, noisy center",YES,"This kit establishes a distinct scholarly aesthetic through aged vellum and leather binding textures, completely avoiding characters and violent themes to ensure a universally safe environment. ORIGINAL SynapticGM generator brief; review output for accidental text or brand-like marks before shipping."
parchment-ledger,frame_ornament,"Ornate edge and corner frame ornament inspired by antique bookbinding and medieval ledgers, featuring weathered brown leather margins and tarnished brass corner protectors with generic geometric filigree. The design surrounds a quiet, blank, soft-focus central opening perfect for placing content. Intricate embossed border tooling creates a tactile framing effect, avoiding any recognizable symbols, text, or modern branding. Elegant, historical aesthetic with soft ambient lighting.","people, person, face, character, silhouette, figure, human, creature, animal, monster, readable text, letters, numbers, logo, brand mark, watermark, signature, copyright, trademark, modern architecture, technology, screens, neon, gore, blood, violence, sexualized forms, nudity, weapons, pop culture, specific game worlds, distinct studio styles, vibrant neon colors, heavy contrast center, sharp center focus, noisy center",YES,"This kit establishes a distinct scholarly aesthetic through aged vellum and leather binding textures, completely avoiding characters and violent themes to ensure a universally safe environment. ORIGINAL SynapticGM generator brief; review output for accidental text or brand-like marks before shipping."
parchment-ledger,atmosphere_bg,"A wide, atmospheric background depicting a dimly lit, dusty historical archive filled with towering stacks of blank, ancient ledgers and scrolls. Warm, flickering candlelight casts soft, amber glows across the worn leather bindings and scattered loose parchment pages. The composition features a beautifully blurred, text-safe focal zone in the center, free of any figures, characters, or readable text, creating a cozy, scholarly environment.","people, person, face, character, silhouette, figure, human, creature, animal, monster, readable text, letters, numbers, logo, brand mark, watermark, signature, copyright, trademark, modern architecture, technology, screens, neon, gore, blood, violence, sexualized forms, nudity, weapons, pop culture, specific game worlds, distinct studio styles, vibrant neon colors, heavy contrast center, sharp center focus, noisy center",YES,"This kit establishes a distinct scholarly aesthetic through aged vellum and leather binding textures, completely avoiding characters and violent themes to ensure a universally safe environment. ORIGINAL SynapticGM generator brief; review output for accidental text or brand-like marks before shipping."
bone-reliquary,panel_tile,"A seamless, tileable panel texture featuring a mosaic of polished, interlocking bone fragments and bleached ivory tiles. The surface is subtly textured with ancient, microscopic stress fractures and a soft, matte finish. The central zone has extremely low contrast, blending pale ash and bone-white hues to ensure perfect readability for overlaid text. The pattern repeats flawlessly without any focal points or recognizable shapes.","people, faces, characters, silhouettes, logos, readable text, brand marks, copyrighted-world references, sexualized forms, graphic gore, blood, flesh, modern architecture, vehicles, weapons, symbols, watermarks, signatures, modern clothing, sci-fi elements, cartoon style, anime, photorealistic humans, living creatures, real-world locations",YES,"This kit utilizes pale ivory, calcified textures, and skeletal motifs to create a distinct macabre atmosphere while remaining strictly abstract and free of gore or recognizable figures. ORIGINAL SynapticGM generator brief; review output for accidental text or brand-like marks before shipping."
bone-reliquary,frame_ornament,"An ornate edge-and-corner frame ornament constructed from polished ivory, arched ivory slats, and intricately carved ivory links. The borders feature delicate gothic tracery resembling ossuary lattice structures and fossilized roots, intertwined with tarnished silver filigree. The central opening is entirely clear, quiet, and untextured, designed to perfectly frame content. No recognizable symbols, real-world brands, or logos are present, ensuring a purely abstract macabre aesthetic.","people, faces, characters, silhouettes, logos, readable text, brand marks, copyrighted-world references, sexualized forms, graphic gore, blood, flesh, modern architecture, vehicles, weapons, symbols, watermarks, signatures, modern clothing, sci-fi elements, cartoon style, anime, photorealistic humans, living creatures, real-world locations",YES,"This kit utilizes pale ivory, calcified textures, and skeletal motifs to create a distinct macabre atmosphere while remaining strictly abstract and free of gore or recognizable figures. ORIGINAL SynapticGM generator brief; review output for accidental text or brand-like marks before shipping."
bone-reliquary,atmosphere_bg,"A wide atmospheric background depicting a vast subterranean catacomb carved from pale limestone and calcified marrow. Dim, eerie bioluminescence casts long shadows across ancient pillars of elongated calcified stone segments and dust-covered reliquaries. The central focal zone is wide, open, and bathed in a soft, diffused ash-grey light, perfectly text-safe and devoid of any figures or complex structures, maintaining a hauntingly quiet and expansive environment.","people, faces, characters, silhouettes, logos, readable text, brand marks, copyrighted-world references, sexualized forms, graphic gore, blood, flesh, modern architecture, vehicles, weapons, symbols, watermarks, signatures, modern clothing, sci-fi elements, cartoon style, anime, photorealistic humans, living creatures, real-world locations",YES,"This kit utilizes pale ivory, calcified textures, and skeletal motifs to create a distinct macabre atmosphere while remaining strictly abstract and free of gore or recognizable figures. ORIGINAL SynapticGM generator brief; review output for accidental text or brand-like marks before shipping."
phosphor-terminal,panel_tile,"A seamless tileable texture of a retro CRT monitor screen displaying a dense grid of glowing green phosphor pixels on a deep black background, featuring subtle horizontal scanlines and a slight vignette. The central zone is uniformly dark, low-contrast, and free of bright clusters to ensure perfect text readability, while the outer edges show faint, abstract digital noise and soft static interference, creating an immersive vintage computing material surface.","people, faces, characters, silhouettes, logos, readable text, brand marks, copyrighted-world references, sexualized forms, graphic gore, blood, violence, modern smartphones, sleek laptops, bright daylight, organic nature, trees, animals, fantasy magic, swords, dragons, steampunk brass, medieval armor, cute mascots, typography, watermarks, signatures, copyright, humans, aliens, monsters, demons, skeletons, skulls, real-world brands",YES,"This kit distinguishes itself through its strict reliance on vintage green phosphor illumination and retro-computing hardware textures, avoiding any modern or biological elements while remaining completely safe. ORIGINAL SynapticGM generator brief; review output for accidental text or brand-like marks before shipping."
phosphor-terminal,frame_ornament,"An edge and corner frame ornament inspired by vintage computer hardware and glowing green digital aesthetics, featuring thick, dark grey plastic bezels with subtle ventilation ridges and glowing phosphor green abstract circuitry patterns creeping along the borders. The central opening is entirely empty and quiet, providing a clean void for content. There are no recognizable symbols, logos, or brand marks, only generic industrial and retro-futuristic technological details.","people, faces, characters, silhouettes, logos, readable text, brand marks, copyrighted-world references, sexualized forms, graphic gore, blood, violence, modern smartphones, sleek laptops, bright daylight, organic nature, trees, animals, fantasy magic, swords, dragons, steampunk brass, medieval armor, cute mascots, typography, watermarks, signatures, copyright, humans, aliens, monsters, demons, skeletons, skulls, real-world brands",YES,"This kit distinguishes itself through its strict reliance on vintage green phosphor illumination and retro-computing hardware textures, avoiding any modern or biological elements while remaining completely safe. ORIGINAL SynapticGM generator brief; review output for accidental text or brand-like marks before shipping."
phosphor-terminal,atmosphere_bg,"A wide atmospheric background depicting the dark, immersive interior of a massive, abstract mainframe data center illuminated entirely by the eerie glow of green phosphor screens and blinking LED diodes. Thick cables and towering server racks recede into deep shadow, leaving a massive, dark, text-safe focal zone in the center. The environment is completely devoid of human figures or silhouettes, focusing solely on cold, vintage industrial computing architecture.","people, faces, characters, silhouettes, logos, readable text, brand marks, copyrighted-world references, sexualized forms, graphic gore, blood, violence, modern smartphones, sleek laptops, bright daylight, organic nature, trees, animals, fantasy magic, swords, dragons, steampunk brass, medieval armor, cute mascots, typography, watermarks, signatures, copyright, humans, aliens, monsters, demons, skeletons, skulls, real-world brands",YES,"This kit distinguishes itself through its strict reliance on vintage green phosphor illumination and retro-computing hardware textures, avoiding any modern or biological elements while remaining completely safe. ORIGINAL SynapticGM generator brief; review output for accidental text or brand-like marks before shipping."
noir-crimson,panel_tile,"A seamless, tileable texture of polished obsidian and dark mahogany wood inlaid with subtle crimson velvet, designed for a text-safe low-contrast central zone. The abstract surface features elegant art deco geometric patterns etched into the dark stone, illuminated by a faint, moody red ambient glow. Smooth, continuous edges allow perfect tiling, while the muted, shadow-drenched central area provides an ideal, unobstructed backdrop for clear typography and UI elements.","people, faces, characters, silhouettes, logos, readable text, brand marks, copyrighted references, sexualized forms, graphic gore, blood, violence, weapons, modern vehicles, real-world signage, pop culture, recognizable actors, modern technology, anime, cartoon, bright pastel colors, sunny sky, happy, cheerful, clutter, messy, low resolution, watermark, signature, human anatomy, animals, monsters, zombies, skeletons, skulls, bones, snuff imagery",YES,"This kit leverages art deco architecture and moody crimson lighting to create a distinct, sophisticated urban aesthetic without relying on violence or inappropriate imagery. ORIGINAL SynapticGM generator brief; review output for accidental text or brand-like marks before shipping."
noir-crimson,frame_ornament,"An elegant, stylized border ornament featuring sharp art deco metalwork in tarnished silver and deep crimson enamel, framing a quiet, empty central opening. The intricate corner pieces showcase abstract geometric motifs and sweeping architectural lines reminiscent of a moody 1920s metropolis, entirely free of real-world symbols. The heavy, shadowed edges fade smoothly into the completely blank, text-safe center, creating a sophisticated, atmospheric frame perfect for holding content.","people, faces, characters, silhouettes, logos, readable text, brand marks, copyrighted references, sexualized forms, graphic gore, blood, violence, weapons, modern vehicles, real-world signage, pop culture, recognizable actors, modern technology, anime, cartoon, bright pastel colors, sunny sky, happy, cheerful, clutter, messy, low resolution, watermark, signature, human anatomy, animals, monsters, zombies, skeletons, skulls, bones, snuff imagery",YES,"This kit leverages art deco architecture and moody crimson lighting to create a distinct, sophisticated urban aesthetic without relying on violence or inappropriate imagery. ORIGINAL SynapticGM generator brief; review output for accidental text or brand-like marks before shipping."
noir-crimson,atmosphere_bg,"A wide, cinematic background depicting an abstract, rain-slicked cobblestone street reflecting the glow of crimson neon lights in a moody, stylized noir cityscape. The scene features deep shadows, towering architectural silhouettes in the distance, and swirling mist, creating a dramatic, mysterious environment without any figures or characters. The central focal zone is deliberately softened, blurred, and kept dark, providing a spacious, text-safe area surrounded by atmospheric urban details.","people, faces, characters, silhouettes, logos, readable text, brand marks, copyrighted references, sexualized forms, graphic gore, blood, violence, weapons, modern vehicles, real-world signage, pop culture, recognizable actors, modern technology, anime, cartoon, bright pastel colors, sunny sky, happy, cheerful, clutter, messy, low resolution, watermark, signature, human anatomy, animals, monsters, zombies, skeletons, skulls, bones, snuff imagery",YES,"This kit leverages art deco architecture and moody crimson lighting to create a distinct, sophisticated urban aesthetic without relying on violence or inappropriate imagery. ORIGINAL SynapticGM generator brief; review output for accidental text or brand-like marks before shipping."
glass-spire,panel_tile,"A seamless tileable texture of a smooth, translucent crystalline glass panel, featuring subtle geometric facets and delicate prismatic refractions. The material exhibits a pale icy blue and iridescent white color palette with gentle light diffusion. The central zone remains completely low-contrast, muted, and perfectly text-safe, devoid of complex details, while the edges show faint, elegant crystalline structural lines and soft internal reflections.","people, faces, characters, silhouettes, logos, readable text, brand marks, watermarks, copyright symbols, sexualized forms, graphic gore, blood, violence, weapons, modern vehicles, real-world brands, animals, monsters, undead, infernal imagery, urban cityscapes, mundane objects, complex central clutter, dark shadows, high contrast center, muddy colors, chaotic noise, distorted geometry, sharp jagged center, organic flesh, eyes, hands, limbs, signatures, typography, UI elements",YES,"This kit utilizes prismatic refraction and smooth translucent crystal textures to ensure a materially distinct, ethereal aesthetic while maintaining strict safety and text-readability standards. ORIGINAL SynapticGM generator brief; review output for accidental text or brand-like marks before shipping."
glass-spire,frame_ornament,"An elegant edge and corner frame ornament crafted from polished translucent glass and faceted crystal shards, capturing vibrant prismatic light dispersion. The border features intricate geometric lattice structures resembling high-fantasy crystalline spires and frosted glass formations. The central opening is entirely quiet, empty, and text-safe, serving as a clean transparent window. The design incorporates soft ambient backlighting without any real-world brand symbols or complex central obstructions.","people, faces, characters, silhouettes, logos, readable text, brand marks, watermarks, copyright symbols, sexualized forms, graphic gore, blood, violence, weapons, modern vehicles, real-world brands, animals, monsters, undead, infernal imagery, urban cityscapes, mundane objects, complex central clutter, dark shadows, high contrast center, muddy colors, chaotic noise, distorted geometry, sharp jagged center, organic flesh, eyes, hands, limbs, signatures, typography, UI elements",YES,"This kit utilizes prismatic refraction and smooth translucent crystal textures to ensure a materially distinct, ethereal aesthetic while maintaining strict safety and text-readability standards. ORIGINAL SynapticGM generator brief; review output for accidental text or brand-like marks before shipping."
glass-spire,atmosphere_bg,"A wide atmospheric background depicting the soaring interior of a colossal crystalline glass spire bathed in soft, ethereal daylight. Towering transparent pillars and floating prismatic geometric structures reflect and refract iridescent light across the expansive misty void. The central focal zone is completely smooth, softly blurred, and highly text-safe, providing a tranquil, luminous backdrop. The scene is devoid of any figures, characters, or recognizable silhouettes.","people, faces, characters, silhouettes, logos, readable text, brand marks, watermarks, copyright symbols, sexualized forms, graphic gore, blood, violence, weapons, modern vehicles, real-world brands, animals, monsters, undead, infernal imagery, urban cityscapes, mundane objects, complex central clutter, dark shadows, high contrast center, muddy colors, chaotic noise, distorted geometry, sharp jagged center, organic flesh, eyes, hands, limbs, signatures, typography, UI elements",YES,"This kit utilizes prismatic refraction and smooth translucent crystal textures to ensure a materially distinct, ethereal aesthetic while maintaining strict safety and text-readability standards. ORIGINAL SynapticGM generator brief; review output for accidental text or brand-like marks before shipping."
ember-depths,panel_tile,"A seamless tileable texture of cracked volcanic obsidian and glowing embers, featuring a dark low-contrast central zone for safe text placement. The surface is composed of jagged charcoal-colored basalt rock with deep fissures revealing subtle, pulsating orange and red magma heat beneath. Matte finish on the dark stone, soft diffused glow from the cracks, abstract natural geological pattern, top-down view, evenly lit, highly detailed, perfect for a repeating background panel.","people, faces, characters, silhouettes, logos, readable text, brand marks, copyrighted references, sexualized forms, graphic gore, blood, extreme violence, modern architecture, sci-fi elements, spaceships, water, ice, snow, bright daylight, blue sky, green plants, cute animals, cartoon style, anime, line art, flat vector, low resolution, blurry, watermark, signature, UI elements, buttons, icons, recognizable symbols, weapons, armor, vehicles",YES,"The ember-depths kit focuses purely on geological volcanic textures and wrought iron metalwork to ensure a distinct, immersive environment that remains entirely safe and abstract. ORIGINAL SynapticGM generator brief; review output for accidental text or brand-like marks before shipping."
ember-depths,frame_ornament,"An ornate edge and corner frame border made of wrought iron and solidified magma, featuring intricate compact geometric forge-hall geometric metalwork interwoven with glowing volcanic ash veins. The center is completely empty and quiet, forming a perfectly blank dark opening for content. Symmetrical corner flourishes with abstract heat-warped metallic shapes, dark gunmetal and glowing orange color palette, no recognizable symbols or text, high-end fantasy interface border design, sharp focus, isolated on black.","people, faces, characters, silhouettes, logos, readable text, brand marks, copyrighted references, sexualized forms, graphic gore, blood, extreme violence, modern architecture, sci-fi elements, spaceships, water, ice, snow, bright daylight, blue sky, green plants, cute animals, cartoon style, anime, line art, flat vector, low resolution, blurry, watermark, signature, UI elements, buttons, icons, recognizable symbols, weapons, armor, vehicles",YES,"The ember-depths kit focuses purely on geological volcanic textures and wrought iron metalwork to ensure a distinct, immersive environment that remains entirely safe and abstract. ORIGINAL SynapticGM generator brief; review output for accidental text or brand-like marks before shipping."
ember-depths,atmosphere_bg,"A wide atmospheric background of a vast subterranean volcanic cavern, featuring distant waterfalls of glowing lava and towering pillars of dark basalt rock. The center of the composition is a calm, dark, text-safe focal zone obscured by thick, warm charcoal smoke and floating ember particles. Dramatic lighting from the sides, deep shadows, cinematic fantasy environment, subterranean geology, completely devoid of any figures or structures, immersive depth, highly detailed conceptual art.","people, faces, characters, silhouettes, logos, readable text, brand marks, copyrighted references, sexualized forms, graphic gore, blood, extreme violence, modern architecture, sci-fi elements, spaceships, water, ice, snow, bright daylight, blue sky, green plants, cute animals, cartoon style, anime, line art, flat vector, low resolution, blurry, watermark, signature, UI elements, buttons, icons, recognizable symbols, weapons, armor, vehicles",YES,"The ember-depths kit focuses purely on geological volcanic textures and wrought iron metalwork to ensure a distinct, immersive environment that remains entirely safe and abstract. ORIGINAL SynapticGM generator brief; review output for accidental text or brand-like marks before shipping."
