fixture_id,rater_id,voice_blind_label,real_gm_0_4,story_quality_0_4,heard_me_0_4,fairness_0_4,immersion_kill_0_4,semantic_difference_observed_yes_no,notes
FC-01,,,,,,,,,
FC-02,,,,,,,,,
FC-03,,,,,,,,,
FC-04,,,,,,,,,
FC-05,,,,,,,,,
FC-06,,,,,,,,,
FC-07,,,,,,,,,
FC-08,,,,,,,,,
FC-09,,,,,,,,,
FC-10,,,,,,,,,
FC-11,,,,,,,,,
FC-12,,,,,,,,,
FC-13,,,,,,,,,
FC-14,,,,,,,,,
FC-15,,,,,,,,,
FC-16,,,,,,,,,
FC-17,,,,,,,,,
FC-18,,,,,,,,,
FC-19,,,,,,,,,
FC-20,,,,,,,,,
FC-21,,,,,,,,,
FC-22,,,,,,,,,
FC-23,,,,,,,,,
FC-24,,,,,,,,,
FC-25,,,,,,,,,
FC-26,,,,,,,,,
FC-27,,,,,,,,,
FC-28,,,,,,,,,
FC-29,,,,,,,,,
FC-30,,,,,,,,,
FC-31,,,,,,,,,
FC-32,,,,,,,,,
FC-33,,,,,,,,,
FC-34,,,,,,,,,
FC-35,,,,,,,,,
FC-36,,,,,,,,,
FC-37,,,,,,,,,
FC-38,,,,,,,,,
FC-39,,,,,,,,,
FC-40,,,,,,,,,
FC-41,,,,,,,,,
FC-42,,,,,,,,,
FC-43,,,,,,,,,
FC-44,,,,,,,,,
