aerial_grass_rock	Aerial Grass Rock	terrain|rock|outdoor|natural|aerial	https://polyhaven.com/a/aerial_grass_rock
aerial_ground_rock	Aerial Ground Rock	terrain|outdoor|natural|aerial	https://polyhaven.com/a/aerial_ground_rock
aerial_rocks_01	Aerial Rocks 01	terrain|outdoor|natural|rock|aerial	https://polyhaven.com/a/aerial_rocks_01
aerial_rocks_02	Aerial Rocks 02	terrain|outdoor|natural|rock|aerial	https://polyhaven.com/a/aerial_rocks_02
aerial_rocks_04	Aerial Rocks 04	terrain|outdoor|natural|rock|aerial	https://polyhaven.com/a/aerial_rocks_04
aerial_wood_snips	Aerial Wood Snips	terrain|outdoor|natural|aerial	https://polyhaven.com/a/aerial_wood_snips
american_walnut_veneer	American Walnut Veneer	wood|raw wood	https://polyhaven.com/a/american_walnut_veneer
angli_veneer	Angli Veneer	wood|raw wood	https://polyhaven.com/a/angli_veneer
anti_slip_concrete	Anti Slip Concrete	floor|man made|concrete|plaster-concrete	https://polyhaven.com/a/anti_slip_concrete
ash_veneer	Ash Veneer	wood|raw wood	https://polyhaven.com/a/ash_veneer
asphalt_floor	Asphalt Floor	outdoor|man made|floor|clean|concrete|road|asphalt|plaster-concrete	https://polyhaven.com/a/asphalt_floor
bamboo_veneer	Bamboo Veneer	wood|raw wood	https://polyhaven.com/a/bamboo_veneer
bamboo_wall	Bamboo Wall	wall|wood|raw wood	https://polyhaven.com/a/bamboo_wall
bamboo_wall_02	Bamboo Wall 02	wood	https://polyhaven.com/a/bamboo_wall_02
bamboo_wall_03	Bamboo Wall 03	wood	https://polyhaven.com/a/bamboo_wall_03
bark_brown_01	Bark Brown 01	wood|outdoor|natural|bark	https://polyhaven.com/a/bark_brown_01
bark_brown_02	Bark Brown 02	wood|outdoor|natural|bark	https://polyhaven.com/a/bark_brown_02
bark_willow	Bark Willow	outdoor|natural|bark|wood	https://polyhaven.com/a/bark_willow
bark_willow_02	Bark Willow 02	outdoor|natural|wood|raw wood|bark	https://polyhaven.com/a/bark_willow_02
baseball_playground	Baseball Playground	outdoor|terrain|sand	https://polyhaven.com/a/baseball_playground
beam_wall_01	Beam Wall 01	wood|outdoor|man made|wall	https://polyhaven.com/a/beam_wall_01
beige_wall_001	Beige Wall 001	man made|wall|plaster|outdoor|indoor|plaster-concrete	https://polyhaven.com/a/beige_wall_001
beige_wall_002	Beige Wall 002	man made|wall|plaster|outdoor|indoor|plaster-concrete	https://polyhaven.com/a/beige_wall_002
bi_stretch	Bi Stretch	fabric|stretchy	https://polyhaven.com/a/bi_stretch
black_oak_veneer	Black Oak Veneer	wood|raw wood	https://polyhaven.com/a/black_oak_veneer
black_painted_planks	Black Painted Planks	wood	https://polyhaven.com/a/black_painted_planks
black_walnut_veneer_01	Black Walnut Veneer 01	wood|raw wood	https://polyhaven.com/a/black_walnut_veneer_01
black_walnut_veneer_02	Black Walnut Veneer 02	wood|raw wood	https://polyhaven.com/a/black_walnut_veneer_02
black_walnut_veneer_03	Black Walnut Veneer 03	raw wood|wood	https://polyhaven.com/a/black_walnut_veneer_03
blue_floor_tiles_01	Blue Floor Tiles 01	floor|man made|outdoor|dirty|brick	https://polyhaven.com/a/blue_floor_tiles_01
blue_metal_plate	Blue Metal Plate	metal|industrial	https://polyhaven.com/a/blue_metal_plate
blue_painted_planks	Blue Painted Planks	wood|wall|man made|dirty	https://polyhaven.com/a/blue_painted_planks
blue_plaster_wall	Blue Plaster Wall	outdoor|wall|plaster-concrete	https://polyhaven.com/a/blue_plaster_wall
blue_plaster_weathered	Blue Plaster Weathered	wall|man made|plaster|outdoor	https://polyhaven.com/a/blue_plaster_weathered
book_pattern	Book Pattern	fabric|cotton	https://polyhaven.com/a/book_pattern
box_profile_metal_sheet	Box Profile Metal Sheet	wall|outdoor|roofing	https://polyhaven.com/a/box_profile_metal_sheet
brick_4	Brick 4	wall|man made|dirty|outdoor|brick	https://polyhaven.com/a/brick_4
brick_crosswalk	Brick Crosswalk	floor|brick	https://polyhaven.com/a/brick_crosswalk
brick_floor	Brick Floor	floor|man made|dirty|outdoor|brick	https://polyhaven.com/a/brick_floor
brick_floor_003	Brick Floor 003	floor|brick|man made|outdoor|indoor|clean|wall	https://polyhaven.com/a/brick_floor_003
brick_floor_02	Brick Floor 02	floor|man made	https://polyhaven.com/a/brick_floor_02
brick_floor_04	Brick Floor 04	outdoor|wall|brick|dirty|man made	https://polyhaven.com/a/brick_floor_04
brick_gravel	Brick Gravel	outdoor|gravel|brick	https://polyhaven.com/a/brick_gravel
brick_moss_001	Brick Moss 001	outdoor|floor|man made|brick|road	https://polyhaven.com/a/brick_moss_001
brick_pavement	Brick Pavement	brick|cobblestone|dirty|man made|road	https://polyhaven.com/a/brick_pavement
brick_pavement_02	Brick Pavement 02	floor|man made|brick	https://polyhaven.com/a/brick_pavement_02
brick_pavement_03	Brick Pavement 03	floor|brick|man made	https://polyhaven.com/a/brick_pavement_03
brick_villa_floor	Brick Villa Floor	floor|man made|outdoor	https://polyhaven.com/a/brick_villa_floor
brick_wall_001	Brick Wall 001	brick|man made|outdoor|indoor|clean|wall	https://polyhaven.com/a/brick_wall_001
brick_wall_003	Brick Wall 003	brick|wall|man made|outdoor|indoor|clean	https://polyhaven.com/a/brick_wall_003
