mode_id,encounter_kind,fsm_phase,allowed_families,conditional_families,forbidden_families,max_failed_flee,max_failed_parley,max_engaged_turns,min_target_choices,min_consequence_families,registry_edge_requirement,fallback_order,terminal_receipt,notes
LitRPG,combat,engaged,"attack|skill|defend|useEncounterItem|tactical","flee<2|parley<1|surrender_if_registered","travel|merchant|earthJunk|genericInspect|unrelatedCraft|rest",2,1,8,3,2,"Every structural choice resolves to a current LitRPG BeatContract edge","mustResolveEdge>advancingDefense>registeredBasicAction>fsmForcedResolution",encounterCleared,"Do not invent XP or loot; terminal delta must be registry-backed"
LitRPG,combat,resolving,"","","allSelectableFamilies",2,1,8,0,0,"No player action edge; optional post-outcome decision waits for terminal commit","atomicTerminalCommit>sealedRenderFallback",encounterCleared,"Player choices are closed while outcome and delta commit"
DnD,combat,engaged,"attack|action|defend|help|spell|feature|useEncounterItem","flee<2|parley<2|surrender_if_registered","travel|merchant|earthJunk|genericInspect|unrelatedNpcTopic|rest",2,2,10,3,2,"Every structural choice resolves to a current DnD BeatContract edge","mustResolveEdge>advancingDefense>registeredBasicAction>fsmForcedResolution",encounterCleared,"Keep Wraith cannot reoffer exhausted flee or parley"
DnD,combat,resolving,"","","allSelectableFamilies",2,2,10,0,0,"No player action edge; optional consequence decision waits for terminal commit","atomicTerminalCommit>sealedRenderFallback",encounterCleared,"Aldous/Oskar topic handoff uses committed terminal outcome"
RPG,conflict,engaged,"confront|protect|assist|useQuestProp|useLeverage|tactical","disengage_if_registered|commitTerms_if_registered","travel|merchant|earthJunk|genericInspect|exhaustedNpcTopic|unrelatedLeverageLoop",1,2,8,3,2,"Every structural choice resolves to an RPG beat/topic edge","mustResolveEdge>commitRegisteredConsequence>advancingTactic>fsmForcedResolution",encounterCleared,"Terminal clear must advance or commit the related topic/quest branch"
RPG,socialTopic,idle,"topicFresh|topicEngaged|useLeverage|commitFeed","exitTopic_if_consequence_recorded","exhaustedTopicRepeat|genericInspect|unrelatedFiller",0,2,4,2,2,"Topic edges resolve to npcTopicFsm and BeatContract entries","commitBranch>advanceTopic>safeExit",branchLocked,"An exhausted topic must commit; it cannot cycle back to fresh"
PYOA,crisis,engaged,"commitBranch|useKeyItem|acceptCost|overseerEscalation","buyTime<2|callForHelp<2","travel|merchant|earthJunk|genericInspect|exhaustedBuyTime|exhaustedCallForHelp",0,0,5,2,2,"Every choice resolves to a pyoaBranchLedger edge","useKeyItemCommit>forcedFork>overseerEscalation",branchLocked,"Crisis completion requires a mutually exclusive branch lock"
PYOA,crisis,resolving,"","","allSelectableFamilies",0,0,5,0,0,"No new choice until branch transaction commits","atomicBranchLock>sealedRenderFallback",branchLocked,"Millstone Charter item use is a state transition rather than narration only"
ALL,none,idle,"modeStandardFamilies","beatConditionalFamilies","staleEncounterEdges",0,0,0,3,2,"Standard mode/BeatContract registry","registeredModeFallback",,"Ordinary choices unlock only after prior encounterCleared or branchLocked is committed"
