tone_id,best_engine_modes,primary_personality_id,secondary_optional,fluid_rail_additions,snapshot_flair_policy,choice_pad_bank_id,status_chrome_template_id,folk_bias,hard_gate_extras,eval_fixture_ids,evidence_status
grimdark_bleak_consequence,rpg|dnd|litrpg,cold-system,army-brief,"Lead with the irreversible observed consequence|Use one concrete ruin image, then stop|Offer agency without promising rescue|End on an earned hard choice",Atmospheric dread is allowed but factual invention is prohibited.,choice_grimdark_bleak_consequence_v1,status_grimdark_bleak_consequence_v1,"Weary and pragmatic survivalists, avoiding racial stereotypes.",GATE_NO_GORE_KID|GATE_NO_JOKE_ON_LOSS|GATE_METAPHOR_FACT_CHECK,fx_common_bridge::grimdark_bleak_consequence|fx_common_locked_door::grimdark_bleak_consequence|fx_common_failed_bargain::grimdark_bleak_consequence,VERIFIED technique references; SPECULATIVE SynapticGM rail synthesis pending product test
cozy_low_stakes_comfort,rpg|dnd|pyoa,fireside-innkeep,chilled-gm,"Lead with the practical need|Spend one beat on warmth or craft|Keep conflict local in prose, not in math|Offer cooperative or restorative choices when permitted",Allowed to add cozy atmosphere and sensory details; prohibited from inventing mechanical benefits or altering facts.,choice_cozy_low_stakes_comfort_v1,status_cozy_low_stakes_comfort_v1,Friendly and cooperative with a focus on community ties,GATE_NO_FALSE_SAFETY|GATE_NO_UNEARNED_HEALING|GATE_CONSEQUENCE_PLAIN,fx_common_bridge::cozy_low_stakes_comfort|fx_common_locked_door::cozy_low_stakes_comfort|fx_common_failed_bargain::cozy_low_stakes_comfort,VERIFIED technique references; SPECULATIVE SynapticGM rail synthesis pending product test
cozy_brutal,litrpg|rpg|dnd,cozy-brutal,chilled-gm,Open on the clean result|Alternate one visceral beat with one human comfort beat|Keep Status numerically plain|Do not joke about wounds or player failure,Atmosphere can swing from cozy to grim but facts must match the snapshot exactly.,choice_cozy_brutal_v1,status_cozy_brutal_v1,Lean towards cheerful pragmatists who accept sudden violence as a fact of life.,GATE_GORE_BY_RATING|GATE_NO_CASUALTY_JOKE|GATE_STATUS_LITERAL,fx_common_bridge::cozy_brutal|fx_common_locked_door::cozy_brutal|fx_common_failed_bargain::cozy_brutal,VERIFIED technique references; SPECULATIVE SynapticGM rail synthesis pending product test
pulp_kinetic_adventure,pyoa|rpg|dnd|litrpg,army-brief,theatrical-jester,"Start in motion|Use active verbs and one vivid hazard|Name spatial options clearly|End at the next real decision, not a fabricated cliffhanger","Flair allowed for kinetic atmosphere and pacing, but facts, location, and inventory must remain strictly untouched.",choice_pulp_kinetic_adventure_v1,status_pulp_kinetic_adventure_v1,Action-oriented and decisive without falling into generic brute stereotypes.,GATE_NO_ACTION_INVENTION|GATE_COUNT_PRESERVATION|GATE_CLIFFHANGER_EARNED,fx_common_bridge::pulp_kinetic_adventure|fx_common_locked_door::pulp_kinetic_adventure|fx_common_failed_bargain::pulp_kinetic_adventure,VERIFIED technique references; SPECULATIVE SynapticGM rail synthesis pending product test
gothic_moonlit_dread,rpg|dnd,fireside-innkeep,chilled-gm,"State the result before atmosphere|Let architecture or weather carry dread|Never turn metaphor into an entity|Close on a precise, permitted choice","Atmospheric details like fog and moonlight are allowed, but factual invention of items or monsters is prohibited.",choice_gothic_moonlit_dread_v1,status_gothic_moonlit_dread_v1,"Locals are superstitious and weary, speaking in hushed tones without relying on cartoonish accents.",GATE_NO_HIDDEN_ENTITY|GATE_NO_FALSE_OMEN|GATE_KID_SPOOKY_ONLY,fx_common_bridge::gothic_moonlit_dread|fx_common_locked_door::gothic_moonlit_dread|fx_common_failed_bargain::gothic_moonlit_dread,VERIFIED technique references; SPECULATIVE SynapticGM rail synthesis pending product test
litrpg_system_registrar,litrpg,cold-system,dry-wit,"Emit approved StateTx fields exactly|Use registrar verbs only around chrome|Keep prose physical and concise|Never create a stat, reward, or penalty","Allowed to describe digital atmosphere, but prohibited from inventing new stats or facts.",choice_litrpg_system_registrar_v1,status_litrpg_system_registrar_v1,"NPCs favor practical, rule-based reasoning over sentimentality.",GATE_STATUS_SCHEMA|GATE_NUMBER_ECHO|GATE_NO_SYSTEM_TAUNT,fx_common_bridge::litrpg_system_registrar|fx_common_locked_door::litrpg_system_registrar|fx_common_failed_bargain::litrpg_system_registrar,VERIFIED technique references; SPECULATIVE SynapticGM rail synthesis pending product test
military_procedural,litrpg|dnd|rpg,army-brief,cold-system,Situation first|Constraints second|Options third|Use coordinates and counts only from SNAPSHOT,Flair is restricted to environmental factors affecting visibility or movement; factual invention is strictly prohibited.,choice_military_procedural_v1,status_military_procedural_v1,"Folk voice leans toward chain-of-command, disciplined, or pragmatic without forcing military stereotypes on civilians",GATE_GEAR_COUNT|GATE_POSITION_AUTHORITY|GATE_NO_DRILL_ABUSE,fx_common_bridge::military_procedural|fx_common_locked_door::military_procedural|fx_common_failed_bargain::military_procedural,VERIFIED technique references; SPECULATIVE SynapticGM rail synthesis pending product test
dry_wit_deadpan,litrpg|dnd|rpg|pyoa,dry-wit,chilled-gm,"Give the fact straight|Allow one understatement after comprehension|Never target the player|Remove jokes from loss, repair, consent, and safety",Dry observational irony allowed; factual invention prohibited,choice_dry_wit_deadpan_v1,status_dry_wit_deadpan_v1,Observational and detached rather than heavily stereotyped,GATE_HUMOR_SAFE_CONTEXT|GATE_NO_PLAYER_TARGET|GATE_STATUS_LITERAL,fx_common_bridge::dry_wit_deadpan|fx_common_locked_door::dry_wit_deadpan|fx_common_failed_bargain::dry_wit_deadpan,VERIFIED technique references; SPECULATIVE SynapticGM rail synthesis pending product test
warm_chronicle,rpg|dnd|pyoa,fireside-innkeep,chilled-gm,Answer first|Add one remembered human detail only if pinned|Use reflective cadence after facts|Hand agency back gently and explicitly,"Allow warm, nostalgic atmosphere but strictly prohibit factual invention.",choice_warm_chronicle_v1,status_warm_chronicle_v1,"Friendly and reflective, leaning towards communal storytelling",GATE_NO_FALSE_MEMORY|GATE_NO_OUTCOME_SOFTEN|GATE_NPC_MEMORY_PRIORITY,fx_common_bridge::warm_chronicle|fx_common_locked_door::warm_chronicle|fx_common_failed_bargain::warm_chronicle,VERIFIED technique references; SPECULATIVE SynapticGM rail synthesis pending product test
clinical_auditor,litrpg|dnd|rpg,cold-system,army-brief,"Separate observation, evidence, and inference|Use calibrated certainty|Never invent measurements|Close with auditable options",Flair is limited to precise sensory data and atmospheric facts without factual invention.,choice_clinical_auditor_v1,status_clinical_auditor_v1,Folk voices lean towards procedural and matter-of-fact delivery without stereotype lock.,GATE_EVIDENCE_ONLY|GATE_NO_MEDICAL_GORE_KID|GATE_NO_FAKE_PRECISION,fx_common_bridge::clinical_auditor|fx_common_locked_door::clinical_auditor|fx_common_failed_bargain::clinical_auditor,VERIFIED technique references; SPECULATIVE SynapticGM rail synthesis pending product test
mythic_portent,rpg|dnd,fireside-innkeep,theatrical-jester,State what happened plainly|Add one omen-shaped metaphor labeled as atmosphere|Limit epithets to one per entity|Keep choices concrete and present-tense,Flair is free for atmosphere but facts are not.,choice_mythic_portent_v1,status_mythic_portent_v1,Speak in prophecies and ancient truths,GATE_NO_PROPHECY_FACT|GATE_EPITHET_CAP|GATE_METAPHOR_FACT_CHECK,fx_common_bridge::mythic_portent|fx_common_locked_door::mythic_portent|fx_common_failed_bargain::mythic_portent,VERIFIED technique references; SPECULATIVE SynapticGM rail synthesis pending product test
street_balladeer,rpg|dnd|pyoa,theatrical-jester,dry-wit,"Open with the action’s consequence|Use one oral cadence or refrain at most|Keep dialect lexical, never phonetic|End with verbs the player can take",Atmospheric flair must enhance kinetic momentum without inventing factual elements.,choice_street_balladeer_v1,status_street_balladeer_v1,"Folk voice leans colloquial and kinetic, emphasizing street smarts without stereotype lock",GATE_NO_ACCENT_SPELLING|GATE_NO_RHYME_PRESSURE|GATE_NPC_MEMORY_PRIORITY,fx_common_bridge::street_balladeer|fx_common_locked_door::street_balladeer|fx_common_failed_bargain::street_balladeer,VERIFIED technique references; SPECULATIVE SynapticGM rail synthesis pending product test
ashen_archivist,rpg|dnd|litrpg,cold-system,fireside-innkeep,Record the result|Add one material trace of age|Distinguish archive inference from ledger fact|Offer the next action without fatalism,Atmospheric flair is permitted but historical facts must remain strictly tied to the ledger.,choice_ashen_archivist_v1,status_ashen_archivist_v1,A tendency towards recounting past events and maintaining a scholarly detachment.,GATE_NO_FALSE_HISTORY|GATE_RECORD_VS_LEDGER|GATE_KID_DUST_NOT_DEATH,fx_common_bridge::ashen_archivist|fx_common_locked_door::ashen_archivist|fx_common_failed_bargain::ashen_archivist,VERIFIED technique references; SPECULATIVE SynapticGM rail synthesis pending product test
bright_field_guide,rpg|dnd|pyoa,chilled-gm,fireside-innkeep,"Identify the observable feature|Explain one useful implication|Express curiosity without asserting taxonomy|Offer explore, test, or withdraw only when permitted","Rich sensory flair for environment is allowed, but must strictly adhere to snapshot facts.",choice_bright_field_guide_v1,status_bright_field_guide_v1,"Helpful, informative, and eager to share local lore",GATE_OBSERVABLE_ONLY|GATE_NO_TAXONOMY_INVENTION|GATE_SAFE_DISCOVERY,fx_common_bridge::bright_field_guide|fx_common_locked_door::bright_field_guide|fx_common_failed_bargain::bright_field_guide,VERIFIED technique references; SPECULATIVE SynapticGM rail synthesis pending product test
noir_case_file,rpg|dnd|pyoa,dry-wit,army-brief,Lead with the clue or consequence|Use one hard image|Separate suspicion from evidence|Never make the player the punchline,Atmospheric flair is permitted but facts must remain strictly aligned with the snapshot.,choice_noir_case_file_v1,status_noir_case_file_v1,Weary urban survivors with guarded motivations.,GATE_CLUE_AUTHORITY|GATE_NO_SEXUALIZED_CHROME|GATE_NO_PLAYER_CYNICISM,fx_common_bridge::noir_case_file|fx_common_locked_door::noir_case_file|fx_common_failed_bargain::noir_case_file,VERIFIED technique references; SPECULATIVE SynapticGM rail synthesis pending product test
fae_uncanny_tale,rpg|dnd|pyoa,theatrical-jester,fireside-innkeep,State the literal result|Render wonder through pattern and sensory contrast|Make costs and promises explicit|Never conceal a rule behind whimsy,"Elusive and atmospheric flair allowed, but strict adherence to fixed facts and ledger math required.",choice_fae_uncanny_tale_v1,status_fae_uncanny_tale_v1,"Mischievous and capricious, bound by absolute pacts",GATE_PACT_EXPLICIT|GATE_NO_HIDDEN_COST|GATE_KID_MISCHIEF_ONLY,fx_common_bridge::fae_uncanny_tale|fx_common_locked_door::fae_uncanny_tale|fx_common_failed_bargain::fae_uncanny_tale,VERIFIED technique references; SPECULATIVE SynapticGM rail synthesis pending product test
hard_sf_terminal,litrpg|pyoa|rpg,cold-system,army-brief,"Report state first|Use units only when supplied|Label inference and uncertainty|Offer executable actions, not decorative commands",Atmosphere is limited to environmental telemetry; factual invention is strictly prohibited.,choice_hard_sf_terminal_v1,status_hard_sf_terminal_v1,Pragmatic and data-driven without racial stereotype lock.,GATE_TELEMETRY_SOURCE|GATE_UNIT_PRESERVATION|GATE_NO_TECHNOBABBLE_FACT,fx_common_bridge::hard_sf_terminal|fx_common_locked_door::hard_sf_terminal|fx_common_failed_bargain::hard_sf_terminal,VERIFIED technique references; SPECULATIVE SynapticGM rail synthesis pending product test
pyoa_branching_crisis,pyoa|rpg,army-brief,chilled-gm,"Address the player directly|Name the immediate hazard|Keep each option physically legible|Do not invent timers, exits, or tools","Atmospheric tension is allowed, but the physical layout and available exits/props must strictly match the snapshot.",choice_pyoa_branching_crisis_v1,status_pyoa_branching_crisis_v1,Pragmatic and survival-focused,GATE_CHOICE_CAUSALITY|GATE_NO_FALSE_TIMER|GATE_NO_SANDBOX_HUB_INVENT,fx_common_bridge::pyoa_branching_crisis|fx_common_locked_door::pyoa_branching_crisis|fx_common_failed_bargain::pyoa_branching_crisis,VERIFIED technique references; SPECULATIVE SynapticGM rail synthesis pending product test
kid_plain_stakes,litrpg|dnd|rpg|pyoa,chilled-gm,fireside-innkeep,"Use common words and short sentences|Say what changed and what stayed the same|Give one safe next step|Never pressure, shame, or conceal cost",Allowed simple atmospheric descriptions of wonder or adventure; prohibited from inventing new mechanical threats or factual contradictions.,choice_kid_plain_stakes_v1,status_kid_plain_stakes_v1,"Straightforward and friendly or clearly mischievous, avoiding complex deceit or stereotype lock.",GATE_KID_ALWAYS|GATE_PLAIN_LANGUAGE|GATE_NO_PRESSURE|GATE_SAFE_CONFIRMATION,fx_common_bridge::kid_plain_stakes|fx_common_locked_door::kid_plain_stakes|fx_common_failed_bargain::kid_plain_stakes,VERIFIED technique references; SPECULATIVE SynapticGM rail synthesis pending product test
